person	id
清镇市	0
高州市	1
华安县	2
临县	3
北戴河区	4
镇原县	5
石龙区	6
南谯区	7
嫩江市	8
确山县	9
头屯河区	10
凉城县	11
雨湖区	12
阳信县	13
东阿县	14
封丘县	15
城西区	16
钦北区	17
柏乡县	18
象州县	19
常宁市	20
荣县	21
达川区	22
岳塘区	23
高陵区	24
靖安县	25
珲春市	26
宜君县	27
海原县	28
海陵区	29
沾益区	30
灵山县	31
巨野县	32
呼和浩特金海工业园区	33
珠山区	34
根河市	35
临清市	36
天河区	37
河北区	38
龙南市	39
象山县	40
孝义市	41
中站区	42
青秀区	43
东昌府区	44
广饶县	45
细河区	46
黟县	47
蔚县	48
札达县	49
乌审旗	50
合作市	51
会理县	52
蓬莱区	53
柯坪县	54
黎平县	55
罗定市	56
湾里区	57
贾汪区	58
饶阳县	59
增城区	60
谯城区	61
永川区	62
尉氏县	63
潞州区	64
定海区	65
颍泉区	66
西区	67
上蔡县	68
和顺县	69
新民市	70
罗山县	71
高青县	72
昔阳县	73
秀英区	74
林西县	75
乃东区	76
茅箭区	77
霍城县	78
绥芬河市	79
扶绥县	80
黑山县	81
社旗县	82
南雄市	83
平顶山高新技术产业开发区	84
中牟县	85
蓬安县	86
彭泽县	87
开远市	88
张湾区	89
台山市	90
二七区	91
鹿城区	92
玉龙纳西族自治县	93
瓦房店市	94
江北区	95
安新县	96
红安县	97
韩城市	98
玛沁县	99
霍尔果斯市	100
道外区	101
阳新县	102
白河县	103
康保县	104
沁县	105
甘洛县	106
平原县	107
卡若区	108
榆社县	109
新化县	110
漳浦县	111
永顺县	112
七星关区	113
多伦县	114
南县	115
青岛高新技术产业开发区	116
五寨县	117
献县	118
安达市	119
两当县	120
青田县	121
呈贡区	122
宁晋县	123
屏边苗族自治县	124
榆次区	125
阜新蒙古族自治县	126
屯昌县	127
嘉黎县	128
沙雅县	129
兴山县	130
历下区	131
罗江区	132
临江市	133
象山区	134
义安区	135
乐都区	136
鄂伦春自治旗	137
获嘉县	138
龙安区	139
昌江区	140
威宁彝族回族苗族自治县	141
惠安县	142
桃江县	143
莲花县	144
双河市	145
灞桥区	146
梅里斯达斡尔族区	147
新乡县	148
雷山县	149
徐闻县	150
茫崖市	151
南安市	152
宁国市	153
武胜县	154
蛟河市	155
辽阳县	156
麦积区	157
溪湖区	158
建湖县	159
君山区	160
宁武县	161
站前区	162
唐县	163
福山区	164
蒸湘区	165
莫力达瓦达斡尔族自治旗	166
宜良县	167
上城区	168
乌翠区	169
江城哈尼族彝族自治县	170
河南濮阳工业园区	171
婺源县	172
五峰土家族自治县	173
大姚县	174
滑县	175
政和县	176
阿巴嘎旗	177
沅陵县	178
光泽县	179
合阳县	180
广德县	181
资阳区	182
镇康县	183
鲁甸县	184
荥经县	185
崇明区	186
德兴市	187
桑珠孜区	188
汶川县	189
沽源县	190
利津县	191
天等县	192
天祝藏族自治县	193
冷水江市	194
太和区	195
巩义市	196
平罗县	197
榆树市	198
和硕县	199
蓬莱市	200
武进区	201
新荣区	202
灌南县	203
郾城区	204
鄱阳县	205
广德市	206
三原县	207
巴楚县	208
安溪县	209
杜集区	210
中江县	211
清河县	212
江宁区	213
永嘉县	214
金台区	215
梁平区	216
微山县	217
自流井区	218
西畴县	219
新罗区	220
卫东区	221
睢县	222
上杭县	223
云州区	224
播州区	225
望都县	226
梁河县	227
青云谱区	228
梨树区	229
斗门区	230
湖南湘潭高新技术产业园区	231
爱辉区	232
苍南县	233
凤城市	234
绥中县	235
新泰市	236
五常市	237
云岩区	238
美兰区	239
美姑县	240
梓潼县	241
港口区	242
秦淮区	243
茂南区	244
婺城区	245
元江哈尼族彝族傣族自治县	246
安仁县	247
凌云县	248
南丰县	249
会东县	250
桑植县	251
赞皇县	252
恭城瑶族自治县	253
鸡泽县	254
西山区	255
调兵山市	256
新华区	257
太湖县	258
靖江市	259
桃城区	260
泌阳县	261
东方市	262
石台县	263
巴马瑶族自治县	264
阜阳合肥现代产业园区	265
沿河土家族自治县	266
红古区	267
通州区	268
汉阴县	269
平城区	270
顺义区	271
彭水苗族土家族自治县	272
阿克苏市	273
万柏林区	274
海曙区	275
阳东区	276
镇沅彝族哈尼族拉祜族自治县	277
旌德县	278
昆山市	279
濂溪区	280
叙永县	281
抚松县	282
凌海市	283
西市区	284
额敏县	285
济宁高新技术产业开发区	286
赤坎区	287
龙江县	288
嘉定区	289
富平县	290
金平区	291
紫云苗族布依族自治县	292
静乐县	293
藤县	294
长宁县	295
英山县	296
兴平市	297
桐城市	298
惠来县	299
宁城县	300
蓬江区	301
市中区	302
环县	303
华宁县	304
南澳县	305
广河县	306
天峻县	307
达孜区	308
隆林各族自治县	309
可克达拉市	310
元谋县	311
尖草坪区	312
镇海区	313
张家口经济开发区	314
柳北区	315
平川区	316
翼城县	317
宝清县	318
广汉市	319
石家庄循环化工园区	320
弋江区	321
托克逊县	322
南丹县	323
玉门市	324
莱州市	325
平潭县	326
大丰区	327
新邵县	328
洪洞县	329
剑河县	330
华坪县	331
蚌山区	332
新乡市平原城乡一体化示范区	333
叶集区	334
平坝区	335
布拖县	336
岳池县	337
闽侯县	338
大安区	339
枣强县	340
高阳县	341
古田县	342
上高县	343
城口县	344
西丰县	345
武乡县	346
荔浦市	347
云霄县	348
天台县	349
路南区	350
梅县区	351
汝阳县	352
汉南区	353
乌尔禾区	354
新巴尔虎左旗	355
包河区	356
东明县	357
龙游县	358
花山区	359
北辰区	360
义马市	361
瓮安县	362
宁陵县	363
湟中县	364
郑州高新技术产业开发区	365
会泽县	366
淮安经济技术开发区	367
甘谷县	368
察哈尔右翼前旗	369
点军区	370
澄城县	371
扬中市	372
襄州区	373
南召县	374
牟定县	375
德钦县	376
中原区	377
清原满族自治县	378
宣化区	379
杏花岭区	380
集贤县	381
上虞区	382
溧阳市	383
东兰县	384
盐都区	385
绥德县	386
东川区	387
西夏区	388
张家口市高新技术产业开发区	389
大武口区	390
城固县	391
达拉特旗	392
平鲁区	393
北塔区	394
沁源县	395
-	396
莲池区	397
惠山区	398
陵城区	399
扶风县	400
吉林经济开发区	401
鼓楼区	402
白碱滩区	403
大厂回族自治县	404
成安县	405
枞阳县	406
芮城县	407
清流县	408
崇州市	409
新和县	410
方城县	411
宁蒗彝族自治县	412
临洮县	413
横山区	414
新乡高新技术产业开发区	415
红塔区	416
召陵区	417
扎赉诺尔区	418
武江区	419
兴县	420
张北县	421
马龙区	422
雨山区	423
禄丰县	424
桃源县	425
剑阁县	426
龙马潭区	427
鼎城区	428
姚安县	429
台江区	430
民权县	431
武隆区	432
博兴县	433
三山区	434
九龙坡区	435
任泽区	436
虞城县	437
麦盖提县	438
青龙满族自治县	439
姑苏区	440
怀柔区	441
伊美区	442
云县	443
宁安市	444
阳西县	445
庐阳区	446
德州运河经济开发区	447
和田县	448
侯马市	449
溧水区	450
海宁市	451
固镇县	452
海伦市	453
淮阴区	454
茌平区	455
桓台县	456
吉木乃县	457
乌拉特后旗	458
海盐县	459
红岗区	460
北镇市	461
连山壮族瑶族自治县	462
长春净月高新技术产业开发区	463
屏南县	464
兴宁市	465
常德市西洞庭管理区	466
正蓝旗	467
商河县	468
贡嘎县	469
芜湖县	470
如皋市	471
薛城区	472
崇阳县	473
察哈尔右翼后旗	474
息县	475
长寿区	476
靖远县	477
梅河口市	478
河西区	479
镇平县	480
爱民区	481
沁水县	482
巩留县	483
庐江县	484
北戴河新区	485
顺城区	486
安平县	487
无为市	488
相山区	489
浮山县	490
满城区	491
汨罗市	492
富民县	493
林口县	494
桥东区	495
广宁县	496
正定县	497
临沂经济技术开发区	498
盘州市	499
荣成市	500
海沧区	501
江海区	502
木里藏族自治县	503
融安县	504
淅川县	505
崇信县	506
兴义市	507
涿州市	508
北湖区	509
宽城区	510
义县	511
阳朔县	512
福海县	513
瓜州县	514
融水苗族自治县	515
马关县	516
通山县	517
呼兰区	518
邯郸冀南新区	519
永宁县	520
古城区	521
红寺堡区	522
天桥区	523
渠县	524
冀州区	525
洱源县	526
文山市	527
工布江达县	528
高密市	529
黄平县	530
德城区	531
甘井子区	532
从化区	533
马尾区	534
万州区	535
瑞金市	536
西城区	537
开江县	538
阳高县	539
准格尔旗	540
龙山县	541
桐柏县	542
彰武县	543
建安区	544
镶黄旗	545
寻乌县	546
孟津县	547
松阳县	548
尼勒克县	549
河曲县	550
新野县	551
潮阳区	552
五河县	553
芝罘区	554
运河区	555
管城回族区	556
建德市	557
峡江县	558
利州区	559
青白江区	560
丰县	561
河东区	562
渭城区	563
杭锦后旗	564
丰满区	565
杜尔伯特蒙古族自治县	566
监利县	567
小店区	568
夏邑县	569
兰西县	570
南岔县	571
武强县	572
武陵源区	573
邹城市	574
阎良区	575
云冈区	576
勐腊县	577
吴起县	578
衢江区	579
余江区	580
赛罕区	581
炎陵县	582
潘集区	583
蕲春县	584
巴南区	585
九台区	586
岳西县	587
饶平县	588
轮台县	589
嘉鱼县	590
香格里拉市	591
苍梧县	592
峨眉山市	593
玉州区	594
金阳县	595
扶沟县	596
依兰县	597
夷陵区	598
潢川县	599
高安市	600
泸定县	601
林甸县	602
石峰区	603
合水县	604
友好区	605
环翠区	606
文圣区	607
穆棱市	608
柳城县	609
洋县	610
丰宁满族自治县	611
栾川县	612
嵊泗县	613
浮梁县	614
濉溪县	615
都匀市	616
赵县	617
昌平区	618
永善县	619
阿拉山口市	620
叶县	621
江华瑶族自治县	622
鹤庆县	623
永定区	624
吴川市	625
湘潭县	626
新沂市	627
化州市	628
临海市	629
乌当区	630
白水县	631
五通桥区	632
柘城县	633
沙市区	634
江达县	635
从江县	636
泾县	637
肃州区	638
灯塔市	639
云城区	640
吉州区	641
响水县	642
诏安县	643
玛曲县	644
新宁县	645
得荣县	646
新河县	647
九原区	648
祁县	649
芦溪县	650
大理市	651
温泉县	652
元宝山区	653
泗阳县	654
牙克石市	655
建邺区	656
叙州区	657
宁强县	658
港南区	659
昂昂溪区	660
金平苗族瑶族傣族自治县	661
南湖区	662
蒲县	663
大余县	664
蒙阴县	665
涵江区	666
荔波县	667
永登县	668
土默特左旗	669
法库县	670
娄星区	671
衡阳县	672
临高县	673
宣威市	674
虹口区	675
中方县	676
零陵区	677
武定县	678
龙陵县	679
陵川县	680
遂昌县	681
昌吉市	682
垦利区	683
长乐区	684
铁西区	685
恩阳区	686
麻栗坡县	687
梁山县	688
德庆县	689
普陀区	690
红旗区	691
清河门区	692
万宁市	693
冕宁县	694
峄城区	695
安定区	696
西陵区	697
新昌县	698
吉水县	699
江山市	700
三台县	701
偏关县	702
公安县	703
刚察县	704
承德县	705
建瓯市	706
资兴市	707
应县	708
金东区	709
榕城区	710
房山区	711
霍邱县	712
肇源县	713
房县	714
灵宝市	715
富县	716
西湖区	717
屏山县	718
永吉县	719
万载县	720
马山县	721
巴林右旗	722
锡山区	723
策勒县	724
崆峒区	725
晋州市	726
昭阳区	727
宿城区	728
盈江县	729
拜泉县	730
烈山区	731
望奎县	732
岐山县	733
抚宁区	734
阜阳经济技术开发区	735
唐山市汉沽管理区	736
电白区	737
白塔区	738
精河县	739
务川仡佬族苗族自治县	740
铜官区	741
同安区	742
盐亭县	743
抚远市	744
长春汽车经济技术开发区	745
九龙县	746
西平县	747
汇川区	748
晋宁区	749
满洲里市	750
玛纳斯县	751
安塞区	752
永修县	753
清江浦区	754
新北区	755
樊城区	756
东胜区	757
石林彝族自治县	758
乐陵市	759
谷城县	760
辉南县	761
钟山县	762
格尔木市	763
淳安县	764
文登区	765
双峰县	766
泽库县	767
合浦县	768
大英县	769
南城县	770
沙坪坝区	771
金林区	772
于都县	773
肇东市	774
惠水县	775
鱼峰区	776
水城县	777
霞山区	778
通海县	779
寒亭区	780
上街区	781
宣恩县	782
紫阳县	783
扎鲁特旗	784
肃宁县	785
靖西市	786
雄县	787
蒙城县	788
博乐市	789
沂水县	790
泰和县	791
岳阳楼区	792
缙云县	793
浉河区	794
呼和浩特经济技术开发区	795
始兴县	796
平舆县	797
丹凤县	798
景谷傣族彝族自治县	799
威海临港经济技术开发区	800
寿阳县	801
庆城县	802
定南县	803
滦平县	804
漳县	805
威远县	806
道里区	807
凌河区	808
铁东区	809
潞城区	810
钢城区	811
怀仁市	812
松桃苗族自治县	813
闽清县	814
石泉县	815
平阴县	816
塔什库尔干塔吉克自治县	817
宿迁经济技术开发区	818
桦川县	819
盱眙县	820
安源区	821
望江县	822
番禺区	823
巫山县	824
岫岩满族自治县	825
莱芜区	826
榆中县	827
罗城仫佬族自治县	828
民和回族土族自治县	829
湖南益阳高新技术产业园区	830
黄梅县	831
乾安县	832
颍东区	833
南陵县	834
蓟州区	835
都江堰市	836
裕安区	837
中阳县	838
铁力市	839
秀屿区	840
青河县	841
兴化市	842
淄川区	843
承德高新技术产业开发区	844
淮阳区	845
新密市	846
稷山县	847
五家渠市	848
通川区	849
通许县	850
乳山市	851
舒兰市	852
徐汇区	853
库尔勒经济技术开发区	854
尼木县	855
太康县	856
锡林浩特市	857
潍城区	858
望花区	859
横县	860
盐津县	861
尧都区	862
铁山港区	863
阿图什市	864
绵竹市	865
武夷山市	866
邵东市	867
焦作城乡一体化示范区	868
横峰县	869
吴中区	870
蠡县	871
钦南区	872
四子王旗	873
宜章县	874
西塞山区	875
金寨县	876
金州区	877
五台县	878
沭阳县	879
远安县	880
武宣县	881
凤庆县	882
临川区	883
代县	884
华容区	885
银海区	886
云和县	887
雨花台区	888
高明区	889
巧家县	890
濠江区	891
向阳区	892
徽州区	893
宣汉县	894
叠彩区	895
江都区	896
禹州市	897
下花园区	898
武安市	899
沁阳市	900
鄯善县	901
鄄城县	902
卫滨区	903
金塔县	904
正宁县	905
乌拉特中旗	906
安阳高新技术产业开发区	907
建阳区	908
贡井区	909
花垣县	910
和静县	911
建水县	912
太和县	913
黄浦区	914
桂平市	915
迎江区	916
凤台县	917
青县	918
太白县	919
长宁区	920
平南县	921
麻江县	922
浦口区	923
肥东县	924
鲅鱼圈区	925
招远市	926
盐源县	927
宿松县	928
丰镇市	929
扎兰屯市	930
秦都区	931
平江县	932
丹寨县	933
四方台区	934
奉新县	935
祁东县	936
富拉尔基区	937
华州区	938
红原县	939
桑日县	940
柯桥区	941
康县	942
鸠江区	943
淳化县	944
连云区	945
子洲县	946
阳春市	947
射阳县	948
东洲区	949
钟楼区	950
咸安区	951
山海关区	952
金坛区	953
祥云县	954
原平市	955
霍林郭勒市	956
明溪县	957
泊头市	958
恩平市	959
铁门关市	960
凤阳县	961
涟水县	962
连山区	963
京口区	964
郏县	965
德昌县	966
景东彝族自治县	967
城厢区	968
巍山彝族回族自治县	969
噶尔县	970
旬邑县	971
广平县	972
临淄区	973
天涯区	974
汉台区	975
和政县	976
西岗区	977
敖汉旗	978
西乌珠穆沁旗	979
新县	980
临湘市	981
庆元县	982
徐水区	983
全椒县	984
潮安区	985
天山区	986
新绛县	987
石家庄高新技术产业开发区	988
东昌区	989
越秀区	990
图们市	991
江汉区	992
永仁县	993
郑州航空港经济综合实验区	994
碑林区	995
泰山区	996
且末县	997
道县	998
乳源瑶族自治县	999
木垒哈萨克自治县	1000
八宿县	1001
长沙县	1002
南皮县	1003
庆云县	1004
奇台县	1005
郸城县	1006
迎泽区	1007
界首市	1008
乐清市	1009
鸡东县	1010
阿拉善右旗	1011
沛县	1012
常熟市	1013
城步苗族自治县	1014
祁门县	1015
容城县	1016
宏伟区	1017
长白朝鲜族自治县	1018
含山县	1019
广陵区	1020
龙沙区	1021
枣阳市	1022
安远县	1023
临泽县	1024
伊金霍洛旗	1025
孟连傣族拉祜族佤族自治县	1026
辰溪县	1027
宁海县	1028
姜堰区	1029
渝北区	1030
新津县	1031
瑞丽市	1032
农安县	1033
永平县	1034
富顺县	1035
惠济区	1036
枝江市	1037
汤原县	1038
门头沟区	1039
陆川县	1040
灵璧县	1041
武侯区	1042
英德市	1043
周至县	1044
平湖市	1045
西工区	1046
永福县	1047
五华区	1048
富川瑶族自治县	1049
西峰区	1050
立山区	1051
鹤山市	1052
凤县	1053
曲江区	1054
兰陵县	1055
温县	1056
福清市	1057
津南区	1058
通渭县	1059
牧野区	1060
彬州市	1061
遂平县	1062
湖口县	1063
凤凰县	1064
长武县	1065
龙感湖管理区	1066
兴海县	1067
陵水黎族自治县	1068
余庆县	1069
海港区	1070
万年县	1071
泰来县	1072
杂多县	1073
宜阳县	1074
吴堡县	1075
纳溪区	1076
榆阳区	1077
绿园区	1078
孝昌县	1079
将乐县	1080
安次区	1081
江城区	1082
碾子山区	1083
修文县	1084
永春县	1085
赣榆区	1086
偃师市	1087
光山县	1088
如东县	1089
库车市	1090
让胡路区	1091
槐荫区	1092
荥阳市	1093
山阴县	1094
钟祥市	1095
青阳县	1096
垣曲县	1097
朝阳县	1098
龙口市	1099
沅江市	1100
盐田区	1101
新丰县	1102
洛川县	1103
武冈市	1104
苏家屯区	1105
滨湖区	1106
竹溪县	1107
淮滨县	1108
辽中区	1109
铜鼓县	1110
汉滨区	1111
高县	1112
馆陶县	1113
路桥区	1114
二道区	1115
德惠市	1116
鹿寨县	1117
科尔沁右翼中旗	1118
临西县	1119
新吴区	1120
桐乡市	1121
郫都区	1122
润州区	1123
弋阳县	1124
阿城区	1125
吴江区	1126
莲湖区	1127
玉泉区	1128
柴桑区	1129
城关区	1130
舞阳县	1131
滨海新区	1132
封开县	1133
宝丰县	1134
柯城区	1135
平乡县	1136
商南县	1137
滨江区	1138
平武县	1139
原州区	1140
大田县	1141
商州区	1142
崂山区	1143
浑源县	1144
内黄县	1145
汶上县	1146
璧山区	1147
莲都区	1148
共和县	1149
安吉县	1150
邵武市	1151
荔湾区	1152
巴里坤哈萨克自治县	1153
珠晖区	1154
湘桥区	1155
昌图县	1156
射洪县	1157
碧江区	1158
梁园区	1159
浦城县	1160
北仑区	1161
罗庄区	1162
龙里县	1163
保定高新技术产业开发区	1164
岳麓区	1165
瀍河回族区	1166
兰坪白族普米族自治县	1167
古交市	1168
中山区	1169
昌黎县	1170
德江县	1171
新洲区	1172
古县	1173
黄龙县	1174
洮南市	1175
平安区	1176
礼县	1177
荔城区	1178
瑞昌市	1179
齐河县	1180
奎屯市	1181
黄陂区	1182
临沂高新技术产业开发区	1183
邳州市	1184
相城区	1185
河津市	1186
沿滩区	1187
高平市	1188
四会市	1189
双桥区	1190
泾源县	1191
八公山区	1192
苏尼特右旗	1193
郎溪县	1194
汉川市	1195
月湖区	1196
同德县	1197
沧州高新技术产业开发区	1198
嫩江县	1199
南和区	1200
南明区	1201
泉山区	1202
福泉市	1203
龙城区	1204
定边县	1205
靖边县	1206
南宫市	1207
合肥高新技术产业开发区	1208
山西朔州经济开发区	1209
东安县	1210
隆昌市	1211
庐山市	1212
南岗区	1213
明水县	1214
秦皇岛市经济技术开发区	1215
民勤县	1216
连云港高新技术产业开发区	1217
晋江市	1218
大东区	1219
平塘县	1220
岱岳区	1221
贵德县	1222
驿城区	1223
景洪市	1224
襄垣县	1225
嘉陵区	1226
右江区	1227
娄烦县	1228
大悟县	1229
老城区	1230
潮南区	1231
行唐县	1232
原阳县	1233
科尔沁左翼后旗	1234
黄石港区	1235
肃南裕固族自治县	1236
石渠县	1237
仁怀市	1238
怀集县	1239
南涧彝族自治县	1240
兴庆区	1241
朗县	1242
湖南衡阳高新技术产业园区	1243
介休市	1244
松滋市	1245
吉阳区	1246
禹城市	1247
万荣县	1248
习水县	1249
红花岗区	1250
石柱土家族自治县	1251
洛江区	1252
托克托县	1253
龙港市	1254
祥符区	1255
昌江黎族自治县	1256
永昌县	1257
双辽市	1258
阿克陶县	1259
南乐县	1260
东风区	1261
崖州区	1262
五指山市	1263
乌兰县	1264
盖州市	1265
济源市	1266
莱西市	1267
龙潭区	1268
安乡县	1269
牡丹区	1270
唐河县	1271
宁都县	1272
安龙县	1273
武城县	1274
合江县	1275
宁阳县	1276
崇礼区	1277
天元区	1278
蜀山区	1279
德化县	1280
海兴县	1281
镇江新区	1282
漠河市	1283
港闸区	1284
山丹县	1285
绥阳县	1286
山阳区	1287
长丰县	1288
溆浦县	1289
东西湖区	1290
临猗县	1291
威海火炬高技术产业开发区	1292
泽普县	1293
云龙示范区	1294
平谷区	1295
邛崃市	1296
泸西县	1297
清徐县	1298
临沂临港经济开发区	1299
七星区	1300
镇宁布依族苗族自治县	1301
武清区	1302
息烽县	1303
宣州区	1304
东光县	1305
兖州区	1306
阳明区	1307
沧州渤海新区	1308
牟平区	1309
伊宁市	1310
津市市	1311
保定白沟新城	1312
墨竹工卡县	1313
富源县	1314
兰考县	1315
东兴区	1316
沙河口区	1317
武陟县	1318
前郭尔罗斯蒙古族自治县	1319
兴城市	1320
营山县	1321
海淀区	1322
金凤区	1323
墨江哈尼族自治县	1324
青神县	1325
武鸣区	1326
青铜峡市	1327
克东县	1328
洪泽区	1329
湘潭昭山示范区	1330
肥城市	1331
上犹县	1332
普兰店区	1333
利川市	1334
连城县	1335
南阳市城乡一体化示范区	1336
江永县	1337
革吉县	1338
大渡口区	1339
平邑县	1340
双牌县	1341
忠县	1342
昭觉县	1343
靖州苗族侗族自治县	1344
泸县	1345
南部县	1346
旌阳区	1347
龙湖区	1348
盘龙区	1349
肥乡区	1350
吉木萨尔县	1351
罗平县	1352
宾川县	1353
永康市	1354
商都县	1355
开阳县	1356
泽州县	1357
大祥区	1358
临桂区	1359
余姚市	1360
芙蓉区	1361
东港市	1362
扎赉特旗	1363
兴文县	1364
普格县	1365
翔安区	1366
南郑区	1367
临澧县	1368
虎丘区	1369
昭化区	1370
信阳高新技术产业开发区	1371
铅山县	1372
隆德县	1373
集安市	1374
洪湖市	1375
卓资县	1376
简阳市	1377
灵武市	1378
大埔县	1379
澄海区	1380
黄州区	1381
端州区	1382
东平县	1383
郧西县	1384
宜都市	1385
隆阳区	1386
阳原县	1387
京山市	1388
丰台区	1389
乌恰县	1390
南和县	1391
嘉祥县	1392
嘉禾县	1393
新源县	1394
宝安区	1395
银州区	1396
志丹县	1397
秦安县	1398
盐池县	1399
郯城县	1400
兴业县	1401
东丽区	1402
高要区	1403
保亭黎族苗族自治县	1404
东宝区	1405
阿鲁科尔沁旗	1406
灌阳县	1407
武平县	1408
镇雄县	1409
右玉县	1410
施秉县	1411
焉耆回族自治县	1412
岑巩县	1413
佛冈县	1414
广宗县	1415
城区	1416
新宾满族自治县	1417
宁河区	1418
竹山县	1419
密云区	1420
北碚区	1421
北屯市	1422
筠连县	1423
安宁市	1424
沾化区	1425
临沭县	1426
庆安县	1427
工农区	1428
岢岚县	1429
乌苏市	1430
北林区	1431
新干县	1432
岱山县	1433
砀山县	1434
石景山区	1435
前锋区	1436
广丰区	1437
霍山县	1438
利通区	1439
歙县	1440
疏附县	1441
安徽芜湖长江大桥经济开发区	1442
康平县	1443
清河区	1444
龙华区	1445
楚雄市	1446
恒山区	1447
滨城区	1448
孝南区	1449
华容县	1450
克拉玛依区	1451
长春高新技术产业开发区	1452
吴桥县	1453
覃塘区	1454
吉安县	1455
巨鹿县	1456
雷波县	1457
伊通满族自治县	1458
龙海市	1459
拜城县	1460
陈仓区	1461
磴口县	1462
揭东区	1463
香河县	1464
南芬区	1465
宜秀区	1466
兴隆县	1467
清水县	1468
长清区	1469
德保县	1470
蓬溪县	1471
江源区	1472
河北衡水高新技术产业开发区	1473
郑州经济技术开发区	1474
临城县	1475
扶余市	1476
博野县	1477
南华县	1478
当阳市	1479
海珠区	1480
广阳区	1481
休宁县	1482
怀安县	1483
临渭区	1484
禄劝彝族苗族自治县	1485
内乡县	1486
深泽县	1487
洛龙区	1488
长春经济技术开发区	1489
宁化县	1490
固安县	1491
茂县	1492
库伦旗	1493
玉屏侗族自治县	1494
山西转型综合改革示范区	1495
平陆县	1496
河口区	1497
洞头区	1498
昆玉市	1499
涞水县	1500
阜平县	1501
新平彝族傣族自治县	1502
阜南县	1503
蒲城县	1504
涪城区	1505
清新区	1506
沙依巴克区	1507
思明区	1508
大化瑶族自治县	1509
句容市	1510
普定县	1511
东城区	1512
仪陇县	1513
子长市	1514
嘉善县	1515
阳山县	1516
密山市	1517
德州经济技术开发区	1518
师宗县	1519
江岸区	1520
蚌埠市高新技术开发区	1521
启东市	1522
龙圩区	1523
东台市	1524
甘南县	1525
化隆回族自治县	1526
和布克赛尔蒙古自治县	1527
三门县	1528
灵川县	1529
大竹县	1530
复兴区	1531
淮上区	1532
沐川县	1533
许昌经济技术开发区	1534
东宁市	1535
寻甸回族彝族自治县	1536
进贤县	1537
尉犁县	1538
阳城县	1539
信州区	1540
皋兰县	1541
涿鹿县	1542
小金县	1543
南岸区	1544
矿区	1545
开平市	1546
鹿邑县	1547
泰兴市	1548
禹王台区	1549
铁岭县	1550
大同区	1551
任丘市	1552
永年区	1553
澄江市	1554
抚顺县	1555
彭州市	1556
安徽安庆经济开发区	1557
丰泽区	1558
武穴市	1559
西秀区	1560
旅顺口区	1561
新乡经济技术开发区	1562
鄂托克前旗	1563
平桂区	1564
广信区	1565
老河口市	1566
浔阳区	1567
汾阳市	1568
延平区	1569
乐东黎族自治县	1570
东乡区	1571
鹤城区	1572
洪江市	1573
惠民县	1574
镇坪县	1575
龙湾区	1576
奈曼旗	1577
汝南县	1578
杭锦旗	1579
柳林县	1580
湟中区	1581
乌达区	1582
涧西区	1583
翁牛特旗	1584
全南县	1585
山亭区	1586
依安县	1587
云溪区	1588
颍上县	1589
容县	1590
江油市	1591
祁连县	1592
博罗县	1593
本溪满族自治县	1594
川汇区	1595
陆丰市	1596
沙县	1597
易县	1598
东源县	1599
卫辉市	1600
荣昌区	1601
龙凤区	1602
通榆县	1603
西昌市	1604
赤城县	1605
巴东县	1606
昌乐县	1607
莱阳市	1608
黎城县	1609
龙文区	1610
吉林高新技术产业开发区	1611
周宁县	1612
宿州经济技术开发区	1613
冠县	1614
科尔沁区	1615
延吉市	1616
太平区	1617
昆都仑区	1618
王益区	1619
卢氏县	1620
文昌市	1621
同仁县	1622
神木市	1623
栾城区	1624
奉化区	1625
阆中市	1626
雁塔区	1627
贞丰县	1628
玉环市	1629
泉港区	1630
竞秀区	1631
曲阳县	1632
迁安市	1633
通河县	1634
拉萨经济技术开发区	1635
拱墅区	1636
硚口区	1637
望谟县	1638
博爱县	1639
仙桃市	1640
共青城市	1641
修水县	1642
科尔沁左翼中旗	1643
沈北新区	1644
海阳市	1645
北关区	1646
肃北蒙古族自治县	1647
霍州市	1648
涪陵区	1649
鹤峰县	1650
文安县	1651
咸丰县	1652
广水市	1653
城中区	1654
新郑市	1655
腾冲市	1656
丰润区	1657
望城区	1658
正镶白旗	1659
兴仁市	1660
道孚县	1661
文县	1662
曹县	1663
龙泉市	1664
恩施市	1665
奉节县	1666
石城县	1667
浠水县	1668
渑池县	1669
阿勒泰市	1670
东区	1671
东营经济技术开发区	1672
清城区	1673
猇亭区	1674
岚山区	1675
万源市	1676
遂溪县	1677
章贡区	1678
苍溪县	1679
会昌县	1680
红桥区	1681
赤水市	1682
大通区	1683
天柱县	1684
华蓥市	1685
铜梁区	1686
高昌区	1687
宁陕县	1688
泸水市	1689
城东区	1690
宝坻区	1691
苏州工业园区	1692
米脂县	1693
大石桥市	1694
陇县	1695
大兴区	1696
长安区	1697
永州经济技术开发区	1698
鄂托克旗	1699
吉林松原经济开发区	1700
博山区	1701
天全县	1702
河南三门峡经济开发区	1703
高碑店市	1704
和平区	1705
夏河县	1706
田东县	1707
三穗县	1708
宿豫区	1709
九寨沟县	1710
上林县	1711
温宿县	1712
吉首市	1713
乡宁县	1714
阜宁县	1715
谢家集区	1716
交口县	1717
延川县	1718
贵溪市	1719
黔西县	1720
当雄县	1721
眉县	1722
惠城区	1723
云龙区	1724
颍州区	1725
建昌县	1726
东山区	1727
乾县	1728
永清县	1729
三江侗族自治县	1730
东湖区	1731
信丰县	1732
赫章县	1733
嵩县	1734
张家口市塞北管理区	1735
凤冈县	1736
峰峰矿区	1737
宁远县	1738
高港区	1739
杞县	1740
成武县	1741
崇川区	1742
元阳县	1743
贵池区	1744
安化县	1745
江陵县	1746
交城县	1747
河间市	1748
耒阳市	1749
册亨县	1750
澧县	1751
海南区	1752
科尔沁右翼前旗	1753
永安市	1754
荆州区	1755
浦江县	1756
岷县	1757
苏尼特左旗	1758
西固区	1759
凤山县	1760
柳河县	1761
新城区	1762
隆子县	1763
于洪区	1764
延津县	1765
江津区	1766
福田区	1767
渭源县	1768
内丘县	1769
汉阳区	1770
梅列区	1771
黄陵县	1772
双城区	1773
南关区	1774
西峡县	1775
兴隆台区	1776
盐湖区	1777
丘北县	1778
浑南区	1779
秦州区	1780
弥渡县	1781
漳平市	1782
金牛区	1783
大宁县	1784
喀什市	1785
武昌区	1786
掇刀区	1787
梨树县	1788
阿尔山市	1789
东港区	1790
建始县	1791
神农架林区	1792
张家港市	1793
武陵区	1794
通江县	1795
迁西县	1796
东安区	1797
丰林县	1798
团风县	1799
魏都区	1800
东坡区	1801
源汇区	1802
太仓市	1803
镇远县	1804
温江区	1805
花都区	1806
赣县区	1807
凭祥市	1808
香洲区	1809
新兴区	1810
长葛市	1811
烟台高新技术产业开发区	1812
宁乡市	1813
墨玉县	1814
沙湾县	1815
白银区	1816
库尔勒市	1817
名山区	1818
顺庆区	1819
玄武区	1820
开平区	1821
伊宁县	1822
松溪县	1823
繁昌县	1824
江安县	1825
克山县	1826
开福区	1827
堆龙德庆区	1828
宜州区	1829
肥西县	1830
定远县	1831
关岭布依族苗族自治县	1832
嘉荫县	1833
栖霞区	1834
龙亭区	1835
顺平县	1836
渝中区	1837
无极县	1838
济南高新技术产业开发区	1839
龙山区	1840
苏滁现代产业园	1841
琅琊区	1842
公主岭市	1843
明光市	1844
汤阴县	1845
瑞安市	1846
定兴县	1847
浦北县	1848
丹棱县	1849
长子县	1850
高邮市	1851
邱县	1852
滦南县	1853
白云鄂博矿区	1854
红河县	1855
石拐区	1856
肇州县	1857
海勃湾区	1858
三元区	1859
涞源县	1860
镇赉县	1861
昌邑市	1862
浦东新区	1863
乌拉盖管委会	1864
台江县	1865
永胜县	1866
龙港区	1867
甘孜县	1868
泸溪县	1869
威海经济技术开发区	1870
蒲江县	1871
三河市	1872
花溪区	1873
睢阳区	1874
富阳区	1875
旺苍县	1876
千阳县	1877
洪山区	1878
田阳区	1879
太仆寺旗	1880
改则县	1881
顺昌县	1882
惠东县	1883
海州区	1884
芜湖经济技术开发区	1885
雁峰区	1886
沈河区	1887
广灵县	1888
襄城区	1889
双塔区	1890
东乌珠穆沁旗	1891
滦州市	1892
灵丘县	1893
保德县	1894
普安县	1895
新都区	1896
埇桥区	1897
宝塔区	1898
滴道区	1899
汉源县	1900
东辽县	1901
定州市	1902
伊川县	1903
None	1904
大方县	1905
孟州市	1906
上党区	1907
琼结县	1908
来安县	1909
文峰区	1910
成华区	1911
遂川县	1912
冷水滩区	1913
鹤山区	1914
双清区	1915
西华县	1916
市北区	1917
子长县	1918
宜川县	1919
襄城县	1920
费县	1921
长泰县	1922
琼中黎族苗族自治县	1923
岳阳县	1924
合肥新站高新技术产业开发区	1925
桃山区	1926
东营区	1927
醴陵市	1928
应城市	1929
日照经济技术开发区	1930
开化县	1931
五原县	1932
兴国县	1933
通道侗族自治县	1934
盂县	1935
瓯海区	1936
仓山区	1937
宜黄县	1938
河北邢台经济开发区	1939
临泉县	1940
米易县	1941
达孜工业园区	1942
城阳区	1943
新抚区	1944
建宁县	1945
殷都区	1946
峨边彝族自治县	1947
秭归县	1948
东兴市	1949
巴林左旗	1950
夹江县	1951
安泽县	1952
绛县	1953
北票市	1954
镇安县	1955
安岳县	1956
龙州县	1957
环江毛南族自治县	1958
乌鲁木齐县	1959
吉县	1960
玉树市	1961
翁源县	1962
格尔木藏青工业园区	1963
琼山区	1964
巴彦县	1965
南浔区	1966
石鼓区	1967
湄潭县	1968
光明区	1969
仁化县	1970
三水区	1971
虎林市	1972
连州市	1973
乐安县	1974
黎川县	1975
繁峙县	1976
新安县	1977
潍坊滨海经济技术开发区	1978
温岭市	1979
红山区	1980
唐山高新技术产业开发区	1981
汝州市	1982
陈巴尔虎旗	1983
元氏县	1984
察哈尔右翼中旗	1985
台安县	1986
合川区	1987
个旧市	1988
海林市	1989
金湖县	1990
闵行区	1991
锦江区	1992
南昌县	1993
舞钢市	1994
邓州市	1995
舒城县	1996
洞口县	1997
长岭县	1998
集美区	1999
明山区	2000
长海县	2001
吉林白城经济开发区	2002
安宁区	2003
永泰县	2004
略阳县	2005
金川区	2006
元宝区	2007
雷州市	2008
牡丹江经济技术开发区	2009
马边彝族自治县	2010
宁江区	2011
山阳县	2012
桓仁满族自治县	2013
临朐县	2014
贺兰县	2015
汪清县	2016
秀洲区	2017
茶陵县	2018
攸县	2019
丰都县	2020
祁阳县	2021
辛集市	2022
兰州新区	2023
历城区	2024
襄都区	2025
喀喇沁旗	2026
巢湖市	2027
石阡县	2028
敦煌市	2029
汉寿县	2030
南票区	2031
南康区	2032
前进区	2033
安州区	2034
岚县	2035
麻章区	2036
景泰县	2037
西充县	2038
湖里区	2039
青山湖区	2040
丹阳市	2041
曾都区	2042
金溪县	2043
范县	2044
威县	2045
固阳县	2046
宁津县	2047
兴和县	2048
尖山区	2049
顺德区	2050
陆河县	2051
万山区	2052
聂荣县	2053
清水河县	2054
米东区	2055
涉县	2056
大邑县	2057
未央区	2058
宾县	2059
下陆区	2060
廉江市	2061
皮山县	2062
南靖县	2063
礼泉县	2064
亚东县	2065
勉县	2066
诸暨市	2067
襄汾县	2068
凌源市	2069
单县	2070
和林格尔县	2071
洛宁县	2072
田家庵区	2073
东河区	2074
喀喇沁左翼蒙古族自治县	2075
景宁畲族自治县	2076
青川县	2077
周村区	2078
仙居县	2079
普宁市	2080
奉贤区	2081
宝山区	2082
福鼎市	2083
临邑县	2084
敦化市	2085
昭苏县	2086
江州区	2087
合山市	2088
犍为县	2089
富蕴县	2090
朝阳区	2091
巴州区	2092
尚志市	2093
磐石市	2094
连江县	2095
大安市	2096
桐梓县	2097
澄迈县	2098
伊吾县	2099
巴中经济开发区	2100
云阳县	2101
太子河区	2102
河口瑶族自治县	2103
蓝山县	2104
德清县	2105
桂阳县	2106
丹江口市	2107
彝良县	2108
乌什县	2109
临武县	2110
察布查尔锡伯自治县	2111
永兴县	2112
慈利县	2113
浈江区	2114
利辛县	2115
清丰县	2116
新晃侗族自治县	2117
顺河回族区	2118
丛台区	2119
雁江区	2120
府谷县	2121
石首市	2122
保靖县	2123
余干县	2124
怀宁县	2125
红谷滩区	2126
芦淞区	2127
永济市	2128
湘乡市	2129
富宁县	2130
雨城区	2131
康定市	2132
曲阜市	2133
东海县	2134
当涂县	2135
云龙县	2136
章丘区	2137
洛浦县	2138
闻喜县	2139
古蔺县	2140
分宜县	2141
沧源佤族自治县	2142
梁子湖区	2143
峨山彝族自治县	2144
察隅县	2145
江南区	2146
青浦区	2147
江口县	2148
华龙区	2149
寿光市	2150
青州市	2151
金堂县	2152
赤壁市	2153
鄞州区	2154
独山子区	2155
长顺县	2156
琼海市	2157
滨海县	2158
勃利县	2159
新会区	2160
金乡县	2161
加格达奇区	2162
织金县	2163
陆良县	2164
嵩明县	2165
铁锋区	2166
讷河市	2167
锦屏县	2168
杨浦区	2169
河南周口经济开发区	2170
邗江区	2171
广安区	2172
晋安区	2173
阜康市	2174
郧阳区	2175
惠农区	2176
蕉岭县	2177
凤翔县	2178
香坊区	2179
大观区	2180
成县	2181
萨尔图区	2182
西和县	2183
大洼区	2184
莒南县	2185
灵石县	2186
延庆区	2187
清苑区	2188
芗城区	2189
贡山独龙族怒族自治县	2190
维西傈僳族自治县	2191
来凤县	2192
宿州马鞍山现代产业园区	2193
靖宇县	2194
古丈县	2195
额济纳旗	2196
海安市	2197
兰山区	2198
措美县	2199
仁寿县	2200
曲水县	2201
建平县	2202
黄埔区	2203
松江区	2204
沙洋县	2205
隆化县	2206
吴兴区	2207
兴宁区	2208
蚌埠市经济开发区	2209
龙子湖区	2210
河北唐山芦台经济开发区	2211
天峨县	2212
芷江侗族自治县	2213
江川区	2214
乐昌市	2215
徐州经济技术开发区	2216
振安区	2217
康巴什区	2218
良庆区	2219
桐庐县	2220
临河区	2221
兴宾区	2222
梁溪区	2223
余杭区	2224
巫溪县	2225
陇川县	2226
围场满族蒙古族自治县	2227
兰溪市	2228
晴隆县	2229
隆安县	2230
贵定县	2231
都昌县	2232
天长市	2233
莎车县	2234
揭西县	2235
叶城县	2236
鹤壁经济技术开发区	2237
井冈山市	2238
勐海县	2239
江阴市	2240
忻府区	2241
仙游县	2242
安居区	2243
源城区	2244
岳阳市屈原管理区	2245
平房区	2246
振兴区	2247
大冶市	2248
水磨沟区	2249
印江土家族苗族自治县	2250
金安区	2251
岚皋县	2252
深州市	2253
龙门县	2254
英吉沙县	2255
常山县	2256
磐安县	2257
淮安区	2258
张店区	2259
沂南县	2260
金城江区	2261
霞浦县	2262
潼南区	2263
山城区	2264
古浪县	2265
正安县	2266
尚义县	2267
梅江区	2268
昭平县	2269
信都区	2270
廊坊经济技术开发区	2271
莘县	2272
绥江县	2273
宜兴市	2274
船营区	2275
柘荣县	2276
宽甸满族自治县	2277
修武县	2278
石河子市	2279
浏阳市	2280
黄岛区	2281
无棣县	2282
万安县	2283
镜湖区	2284
古塔区	2285
乐亭县	2286
达州经济开发区	2287
高邑县	2288
玉山县	2289
大荔县	2290
海城市	2291
淇县	2292
宾阳县	2293
石门县	2294
皇姑区	2295
通辽经济技术开发区	2296
胶州市	2297
静安区	2298
威信县	2299
龙井市	2300
新蔡县	2301
沙湾区	2302
六合区	2303
纳雍县	2304
那坡县	2305
新津区	2306
图木舒克市	2307
渝水区	2308
涟源市	2309
额尔古纳市	2310
阿荣旗	2311
白沙黎族自治县	2312
天镇县	2313
永新县	2314
云安区	2315
达坂城区	2316
彭山区	2317
罗源县	2318
道真仡佬族苗族自治县	2319
特克斯县	2320
邕宁区	2321
安丘市	2322
高坪区	2323
游仙区	2324
黄骅市	2325
大城县	2326
炉霍县	2327
河北沧州经济开发区	2328
南沙区	2329
鲁山县	2330
平定县	2331
坊子区	2332
卢龙县	2333
井陉县	2334
延长县	2335
屯溪区	2336
义乌市	2337
达尔罕茂明安联合旗	2338
南通经济技术开发区	2339
长洲区	2340
北川羌族自治县	2341
下城区	2342
潜山市	2343
孙吴县	2344
邹平市	2345
泗水县	2346
台儿庄区	2347
永寿县	2348
宁洱哈尼族彝族自治县	2349
井研县	2350
宜城市	2351
李沧区	2352
雨花区	2353
南江县	2354
洪雅县	2355
剑川县	2356
麒麟区	2357
博白县	2358
平度市	2359
双台子区	2360
印台区	2361
丰南区	2362
连南瑶族自治县	2363
秀峰区	2364
海棠区	2365
老边区	2366
高台县	2367
西乡塘区	2368
西安区	2369
西盟佤族自治县	2370
全州县	2371
平泉市	2372
什邡市	2373
东丰县	2374
邢台县	2375
若羌县	2376
五大连池市	2377
巴宜区	2378
沂源县	2379
左权县	2380
裕民县	2381
射洪市	2382
罗甸县	2383
平桥区	2384
沧县	2385
连云港经济技术开发区	2386
双阳区	2387
海拉尔区	2388
河南商丘经济开发区	2389
博望区	2390
鹿泉区	2391
都兰县	2392
岳普湖县	2393
武都区	2394
宛城区	2395
壶关县	2396
苏仙区	2397
福安市	2398
和田市	2399
隆尧县	2400
新巴尔虎右旗	2401
和县	2402
弥勒市	2403
宁南县	2404
防城区	2405
临安区	2406
林州市	2407
衡南县	2408
垫江县	2409
崇仁县	2410
东营港经济开发区	2411
海城区	2412
长垣市	2413
武川县	2414
湘潭九华示范区	2415
南山区	2416
萧山区	2417
港北区	2418
柳江区	2419
桦南县	2420
福贡县	2421
马村区	2422
永城市	2423
卧龙区	2424
临翔区	2425
布尔津县	2426
嵊州市	2427
大通回族土族自治县	2428
铁山区	2429
泾川县	2430
通化县	2431
昌邑区	2432
乐平市	2433
乌鲁木齐经济技术开发区	2434
静宁县	2435
东阳市	2436
昌宁县	2437
铜山区	2438
浚县	2439
定安县	2440
天门市	2441
宽城满族自治县	2442
贵南县	2443
綦江区	2444
上栗县	2445
罗湖区	2446
高淳区	2447
鱼台县	2448
安图县	2449
鲤城区	2450
诸城市	2451
土默特右旗	2452
武邑县	2453
拉孜县	2454
长汀县	2455
桥西区	2456
益阳市大通湖管理区	2457
万全区	2458
商城县	2459
芒市	2460
伍家岗区	2461
石狮市	2462
海门市	2463
衡东县	2464
金水区	2465
回民区	2466
南溪区	2467
越城区	2468
双滦区	2469
金山区	2470
翠屏区	2471
济阳区	2472
化德县	2473
塔城市	2474
仪征市	2475
万秀区	2476
临颍县	2477
盐山县	2478
平山区	2479
烟台经济技术开发区	2480
泗洪县	2481
合肥经济技术开发区	2482
桂东县	2483
青羊区	2484
怀远县	2485
包头稀土高新技术产业开发区	2486
博湖县	2487
乌鲁木齐高新技术产业开发区	2488
甘州区	2489
连平县	2490
榕江县	2491
东至县	2492
丰顺县	2493
新市区	2494
永丰县	2495
仁和区	2496
南漳县	2497
柳南区	2498
龙川县	2499
弓长岭区	2500
通城县	2501
临夏市	2502
天宁区	2503
龙岗区	2504
观山湖区	2505
渌口区	2506
新兴县	2507
石棉县	2508
黄山区	2509
黔江区	2510
韶山市	2511
陕州区	2512
藁城区	2513
沙坡头区	2514
克什克腾旗	2515
桦甸市	2516
西青区	2517
新建区	2518
东山县	2519
罗田县	2520
辉县市	2521
盐城经济技术开发区	2522
漾濞彝族自治县	2523
正阳县	2524
凤泉区	2525
固始县	2526
易门县	2527
大足区	2528
金沙县	2529
开州区	2530
洛阳高新技术产业开发区	2531
青山区	2532
滁州经济技术开发区	2533
沙河市	2534
钟山区	2535
丹巴县	2536
伊州区	2537
菏泽高新技术开发区	2538
萝北县	2539
独山县	2540
坪山区	2541
临潭县	2542
丹徒区	2543
湘阴县	2544
双江拉祜族佤族布朗族傣族自治县	2545
阿瓦提县	2546
富锦市	2547
古冶区	2548
怀来县	2549
潜江市	2550
安福县	2551
宜丰县	2552
衡山县	2553
云梦县	2554
新邱区	2555
鄂温克族自治旗	2556
八步区	2557
乌兰浩特市	2558
商水县	2559
曲沃县	2560
平果市	2561
茄子河区	2562
酉阳土家族苗族自治县	2563
平山县	2564
鄂城区	2565
泗县	2566
湛河区	2567
六枝特区	2568
麻城市	2569
鄢陵县	2570
洛南县	2571
安国市	2572
大庆高新技术产业开发区	2573
呼玛县	2574
紫金县	2575
瑶海区	2576
大名县	2577
静海区	2578
天心区	2579
北安市	2580
山西长治高新技术产业园区	2581
大关县	2582
七里河区	2583
平阳县	2584
左云县	2585
洮北区	2586
青原区	2587
郊区	2588
魏县	2589
湟源县	2590
信宜市	2591
扬州经济技术开发区	2592
江夏区	2593
黄岩区	2594
思茅区	2595
五华县	2596
龙泉驿区	2597
定陶区	2598
山西大同经济开发区	2599
滕州市	2600
绥棱县	2601
淇滨区	2602
阳曲县	2603
朔城区	2604
华阴市	2605
蓝田县	2606
西乡县	2607
市南区	2608
即墨区	2609
庄河市	2610
故城县	2611
宝应县	2612
坡头区	2613
浑江区	2614
平远县	2615
田林县	2616
千山区	2617
椒江区	2618
曲周县	2619
袁州区	2620
磁县	2621
米林县	2622
郓城县	2623
南海区	2624
泾阳县	2625
武功县	2626
灌云县	2627
麟游县	2628
宝兴县	2629
松北区	2630
项城市	2631
荷塘区	2632
金口河区	2633
张家口市察北管理区	2634
砚山县	2635
类乌齐县	2636
保康县	2637
阜城县	2638
新乐市	2639
城北区	2640
濮阳县	2641
渭滨区	2642
文成县	2643
金川县	2644
海丰县	2645
樟树市	2646
北流市	2647
台前县	2648
五莲县	2649
邯郸经济技术开发区	2650
鹰手营子矿区	2651
南开区	2652
湘东区	2653
岑溪市	2654
郁南县	2655
开鲁县	2656
灵寿县	2657
长兴县	2658
绥宁县	2659
中宁县	2660
旬阳县	2661
泰州医药高新技术产业开发区	2662
隰县	2663
路北区	2664
莱城区	2665
呼图壁县	2666
平和县	2667
华亭市	2668
施甸县	2669
景县	2670
鼎湖区	2671
隆回县	2672
蒙自市	2673
绩溪县	2674
托里县	2675
太谷区	2676
奎文区	2677
蕉城区	2678
平遥县	2679
崇义县	2680
临潼区	2681
夏县	2682
晋源区	2683
麻阳苗族自治县	2684
阳谷县	2685
丰城市	2686
陇西县	2687
漯河经济技术开发区	2688
随县	2689
平昌县	2690
霸州市	2691
安陆市	2692
伽师县	2693
金湾区	2694
耿马傣族佤族自治县	2695
吉利区	2696
青冈县	2697
徽县	2698
南川区	2699
泰宁县	2700
兴安县	2701
鄠邑区	2702
赫山区	2703
建华区	2704
玉田县	2705
乐业县	2706
鸡冠区	2707
禹会区	2708
乌拉特前旗	2709
慈溪市	2710
突泉县	2711
三都水族自治县	2712
西林县	2713
长阳土家族自治县	2714
杨陵区	2715
离石区	2716
遵化市	2717
解放区	2718
阿拉尔市	2719
邻水县	2720
双流区	2721
秀山土家族苗族自治县	2722
温州经济技术开发区	2723
澜沧拉祜族自治县	2724
松山区	2725
安阳县	2726
荆州经济技术开发区	2727
寿宁县	2728
河南蒙古族自治县	2729
亭湖区	2730
惠阳区	2731
夏津县	2732
裕华区	2733
蔡甸区	2734
萧县	2735
开原市	2736
延寿县	2737
临漳县	2738
睢宁县	2739
富裕县	2740
哈巴河县	2741
船山区	2742
沈丘县	2743
任城区	2744
凉州区	2745
广南县	2746
盘山县	2747
互助土族自治县	2748
江干区	2749
二连浩特市	2750
文水县	2751
江阳区	2752
尤溪县	2753
阿拉善左旗	2754
邵阳县	2755
白云区	2756
涡阳县	2757
潼关县	2758
登封市	2759
内蒙古阿拉善经济开发区	2760
集宁区	2761
盐边县	2762
二道江区	2763
莱山区	2764
同心县	2765
官渡区	2766
水富市	2767
柞水县	2768
思南县	2769
凯里市	2770
高唐县	2771
德令哈市	2772
莒县	2773
邯山区	2774
泰顺县	2775
德安县	2776
武宁县	2777
寿县	2778
汝城县	2779
安义县	2780
曹妃甸区	2781
武义县	2782
疏勒县	2783
禅城区	2784
南阳高新技术产业开发区	2785
耀州区	2786
栖霞市	2787
湖滨区	2788
阿克塞哈萨克族自治县	2789
河北唐山海港经济开发区	2790
